{"cameraMode":{"drawMode":0,"name":"Shaded","section":"Shading Mode"},"sceneLighting":true,"audioPlay":false,"sceneViewState":{"showFog":true,"showMaterialUpdate":false,"showSkybox":true,"showFlares":true,"showImageEffects":true,"showParticleSystems":true},"in2DMode":false,"pivot":{"x":1.7999999523162842,"y":3.4200000762939455,"z":22.100000381469728},"rotation":{"x":0.23028485476970673,"y":0.14100560545921327,"z":-0.03374481573700905,"w":0.9622617363929749},"size":7.048803329467773,"orthographic":false}